상품명,가격,url
"스탠리 스탠리1913 퀜처 H2.0 플로우스테이트 텀블러 887ml, 트와일라잇","최저48,000원",https://cr.shopping.naver.com/adcr?x=eUDwpU93%2BH7sXZoBqebvdv%2F%2F%2Fw%3D%3DspwxoVLPN4T2v1qAEnyTpFnDALqinzbkqchBkRMyfID%2B8VMCDztD8%2BZyKgXb0FvBduYY%2FKpDMq16jM5kzYnrFKB4pza8ebIOIXPrPsGGS95ek6v2w9jBqMGR4TTsgYaQn4WRl5oGidfnOBrsDevoxyBMDb6SlKCIgBo%2FtMIXiQLWRAxZrVebbOfhe5tlwkIQ0YjB6kgL0f1KBM4ZfoeS87oBsJjzV%2F3vl5Lmd9HbkUGLRQmZOE4aHBQfncVeXclRvYelE1%2BaApuqrywFIQgknO43oG%2BfAM%2FTnJrq22unxERAnqFRnJuJu7ZmO8hju%2FZDmZbeRg5RsdSmXDW%2B407Obq99%2BKy%2Fm0d%2BgYWHtEf61Jo4AUk0tbEb%2BPaAR8Zvsauh4WCvvrqtghmAwZ9LIyA%2BY%2BDNBUlz7u2d9ssFrZrxbh77KRyvq%2BfDUs63OSxYfmA1XhT5zjhQ%2Befx1gv8fHAZNULHHB6yU%2By7OBcg0UBJMg%2FuhGHKcYWdTZbkGLcGh2yMxHCzBqMJo6o%2Fcmk%2Fe9ZkIHmJl3Ig6aygVDyPWDdc4oy1z5u608txADafmdC8Oy%2FnuR36Y%2Fwy92w1MrK20AQ7S9WZaGI4%2FVoEmH6cIvg2thGXH9a%2FL9HCry%2BN%2FbylX%2BJThlMveu5pUmt5mX6mUy4ug6raT4EFAQaG8SmWs6FWkCIbnyLVjXQbX8%2F%2BOjoOXa2bVIc8dKddDNYZMvlCYwk7oRUHQIiXcF4qwUXZ2sX76wW8%3D&nvMid=53546513580&catId=50004540
"오덴세 레고트 투웨이 루프 텀블러 720ml, 1개","최저25,900원",https://cr.shopping.naver.com/adcr?x=BtcWQsviS%2F7sojEAkaq61%2F%2F%2F%2Fw%3D%3DsW144JsuD6N%2Fwm2Q%2FBWufwZEpqxD7SiozIADzt6IAdOVcK0xpIQSPYbS6ojFuM7h312LMDU4mGS4evaNET5F0%2F9of6jW5jHdz%2FbROY2pgmykluxxfm60J9z8rnZUjvqTWtp%2BZSsLRY%2BUBkmjYTCvG3EnRvVCt1S4Hq1oYuGK%2FtQLHhMh3116X%2FsxPCfC3g9l%2FSWzUz3G5xfGQ8%2B3tBOZJEWvqR2unsG9Pw6XBns%2FftjIqMpIY3ZcCg380EpnmVGl51TO4MzCqjb33Wl10XqubOumWbsCi%2BOIv8jFrt7fHnsomUBuIpyMLtatflBL8oQoqUhnqiT8l6O9KpXN%2FWYk9NVVd6Z%2BmZ5fvTALbBBPmfKLmnGLANk9TjQtjOEdf9xG%2F0GWHaMCqmUfJvtkr%2FdergLNoujdiiNe5Aky91pn4j%2FIuW9ldAb4ZMKzW4dJt1NcXRvyzsZ12t7Q0gP7qsy1Db7HJM06m8XkkoABSxxLFFekeiZDMGqxEdJ7PSLrW%2FLbQrExQ9Y7%2FjT4lPsq3jaQP0A4eQPILf6Mra9tgLusL4L5rkWz92EcOhDBg1oBLYQebPgHBSWKSwXeOjlheRaf9StioSVubN3gcnkNE0fq%2FGZzQfL0kHJT7pjt0y6PZ72XTv4YGjJCSIW1IvBxXT1wG97ydNiU9JcvSbzmOZYvXNWJppuOvdlesaTTvpzhuGqeWDhLBwu%2FFQS5xWYf5w6G3jQ%3D%3D&nvMid=52649822314&catId=50004540
대용량 텀블러 퀜처 보온 보냉텀블러 빨대 손잡이텀블러 대형 차량용,"15,900원",https://cr.shopping.naver.com/adcr?x=dkeR2kBdpeaCUAoysM%2BX9P%2F%2F%2Fw%3D%3Ds%2F%2FWmoZ53%2F%2BZ4N15dhWCdVO8O%2B3cfFCTduJCoELJarMU4tlSY72euE7cIpI3XtZelSJSa073caXyF8arb%2F6TBYEbAoeRkvpJaJBMwPydFbM8QhkkHXK4%2FmSRy5icYE%2F27J%2FseE6W59vMpqqtppuHaSk6zraYz0jEKjxaRCpq%2BMUg9y3ou1LTKIX7XAR%2FQ%2Fc1cMBbAUTLhEczrfo6o%2BFCYJ9koDZhZTyE2PqJzLGA4wO6oM4vrxQpSjRyKXNHty4d%2FH0353r6JWGhkT%2FSaqo21e1IZ6ok%2FJejvSqVzf1mJPTVVXemfpmeX70wC2wQT5nyi5pxiwDZPU40LYzhHX%2FcRv4SPxoVIizBugUO4BfgPKKQGsOvG3l%2F2T8%2FRJfK0fEJaB5mh2WRXgyVaX52taIcacuTP%2BbV7SS5iXrVHdbxVB3DN81WjUpxJVJrN5mDsz4Bpn4GYsvF%2BIhnMSTr61r3p7KzhylK%2BAGbtu%2FHKBMv0lw1ZKCTWBx5Iz%2BHwNEz0R%2BBHd05DfwV8Cqp1NYuZ0RMxF97b8EcH8zK9r%2FHYRjfTmdzxJ5nggkkP1HDR4Oe78TExQ57kpScg%2F90RQWySwziJoJObLEPPBokhpUU%2F2X5lkMIphM4Xkqwer6KAYBzWkB5nNNiAvrhyeT2uyvapBIGiE41yfmxAqBN9WRSk4Bh97HFCZcVVtvk9mo1XbzmvvGTxaGimR4pR27mrh1IoDTOSgA%3D%3D&nvMid=86014100881&catId=50004540
"스탠리 스탠리1913 퀜처 H2.0 플로우스테이트 텀블러 591ml, 로즈쿼츠","최저46,000원",https://cr.shopping.naver.com/adcr?x=iRg7ndmvB35sNH2mZHaTpv%2F%2F%2Fw%3D%3DsdrFD4HmxrtbaiGsQKxScwuM9U45NSPJDPM%2BwUWiOV7K8VMCDztD8%2BZyKgXb0FvBdnFgH%2BjmsuYnefoFpc3V9dB4pza8ebIOIXPrPsGGS95ek6v2w9jBqMGR4TTsgYaQn4WRl5oGidfnOBrsDevoxyBMDb6SlKCIgBo%2FtMIXiQLWRAxZrVebbOfhe5tlwkIQ0YjB6kgL0f1KBM4ZfoeS87oBsJjzV%2F3vl5Lmd9HbkUGI6s5T%2B0JoWkkUquwWYOGQ8kca%2Ftdfw4w3nLaxZFESbXI3oG%2BfAM%2FTnJrq22unxERAnqFRnJuJu7ZmO8hju%2FZDmZbeRg5RsdSmXDW%2B407Obq99%2BKy%2Fm0d%2BgYWHtEf61Jo4AUk0tbEb%2BPaAR8Zvsauh4Vyueu1c1isS296D6nYb9MhJiPyWOvwnBDLmBm7D%2FOCTKRyvq%2BfDUs63OSxYfmA1XUiyPHwvWjml9BJ8yhfDVfz%2Fhyr15OFq4kieplxWz%2F8qhGHKcYWdTZbkGLcGh2yMxHCzBqMJo6o%2Fcmk%2Fe9ZkIHmJl3Ig6aygVDyPWDdc4oy24kQBXpgZi6NXLHX6HZT55R36Y%2Fwy92w1MrK20AQ7S9WZaGI4%2FVoEmH6cIvg2thGV5DgpDXIq9%2FAKvQJQUUzE2lMveu5pUmt5mX6mUy4ug6ma6SJpZuY%2FAaiEYZJdSIxT8XlWsbrZVbMXA0pNw5dwUIc8dKddDNYZMvlCYwk7oRUHQIiXcF4qwUXZ2sX76wW8%3D&nvMid=56386863934&catId=50004540
대용량 텀블러 빨대텀블러 보온보냉텀블러 스텐 손잡이 운동 기념품 소,"13,800원",https://cr.shopping.naver.com/adcr?x=DvBu%2BYstbSE6Gcv6ejmVxf%2F%2F%2Fw%3D%3Ds2wga2GlQtjmd75Zj7v%2BoeJp0VTGABwhnTpg4tT8L7s9YnYfAILy69qduPw7hpY%2BcZb3riLDUB95R5cCq%2B5uRYoZnlrSZr8PDPdBCvs8uWtdKzInqKADQtYsSu9KSIlX7TLYvpigxqnTZM3cjPGnk6%2BmV4xtU5MPXIqhLNcwlZ02eLo7ueovYAXkNEYUeroesJxfYBSrxU%2BHc8r%2BjyXxpORDfSDBvRkBad9fdnOvVrJHykGTqg7YLcXCjqNUxzVQ15f8mkdhw5ady0UZKsYsaYDMob3FgNUgBHwIovVGJ%2FdSk6v2w9jBqMGR4TTsgYaQnlII%2ByYYqWVu3SSXxcjEJdPsSfLI9E%2FH6q5pjQTWePs%2BYZVK56LjhGAnTZbgWVfGTn%2BMpGsd6KMgTrrYM%2Fghvr2qoePJ%2FqTVy%2F3VkhKOod5xptvaaVwLVEtMWj%2Fssid0XLN%2FU1qfipBhki8cpXVHNDNioFtCz9vpz3FkBYabRRLXI1OnD02XMEpeaaDS0KGtD0gYwXq%2BEHZE6WptqfXgCUMdmVXEDQw4bt47uCXTF3%2F9Xvf85s%2FblIoYEgQ3C4Dk4PhSumyB1MdLwCvFy%2BAXMyb%2BccRCt0HvmF6rEUunS7%2BB0fSDbPWacYjnpFef5GzFxYE%2FYrwS27oQ51En70yRVaXGIf2AoWul5ArGoDlKwtP%2F5D%2FfXmMb3ZT%2FJQTCPTGIjDhLBwu%2FFQS5xWYf5w6G3jQ%3D%3D&nvMid=86247284559&catId=50004540
스탠리 텀블러 887ml 퀜처 H2.0 플로우스테이트 대용량 손잡이 빨대 텀블러,"51,900원",https://cr.shopping.naver.com/adcr?x=uOW31fEFYInpCB9RHMVlHP%2F%2F%2Fw%3D%3DsKQktPebcsHTjAVN2tUQsHMHrNxU%2Bz6ijdu2n376MJbg4tlSY72euE7cIpI3XtZel%2BOmYP1PbSY2emo4NTpeba0bAoeRkvpJaJBMwPydFbM8QhkkHXK4%2FmSRy5icYE%2F27J%2FseE6W59vMpqqtppuHaSk6zraYz0jEKjxaRCpq%2BMUg9y3ou1LTKIX7XAR%2FQ%2Fc1cMBbAUTLhEczrfo6o%2BFCYJ9koDZhZTyE2PqJzLGA4wO5p%2FI9UfacUpOmRV4YQdDlTsywfONXl%2BXSIUEmcSNb571IZ6ok%2FJejvSqVzf1mJPTVVXemfpmeX70wC2wQT5nyi5pxiwDZPU40LYzhHX%2FcRv8fyUY06iD6pccaQvNZgwXeoQ2Mu6ALKA0p09kFzZ7M5B5mh2WRXgyVaX52taIcacsroH%2FsjaiNAYnKIz9uHA%2FjN81WjUpxJVJrN5mDsz4BpEXwGDKA%2FnGnO%2BQpRAVwVodcGankjmj0%2F5ckzQ9cPMFI2%2BhbXgt6jLtMKFBf7mimB9IoHn1qoXf13pEHgyNqtcLvcN3gdmSzLTWYufA4CApEdbfdHLGvg08vWnwdmB85ekCtsvpNvjs202jYf4E6NskBUCXWVxUdQbhqfdHtWJtRYhMWRFMTmfMT17idCe%2BSUeDUzAk6XIR44%2FWcJ8U8IkxkZUrYYtzWIxQW7asnz7UHIWNFuVhV1eiCxl2SzK9JqV3OdHgSE8LoEjTx9zpNPbFaRsOtQUnaEEbxBoHxZXOc%3D&nvMid=87207169829&catId=50004540
"스탠리 퀜처 프로투어 플립 스트로 텀블러 887ml, 크림 로즈 골드","54,000원",https://cr.shopping.naver.com/adcr?x=lBcl9iuFSZ4KIiufY26klv%2F%2F%2Fw%3D%3DsvfZWSq713S%2B9b0WVpnRKcMjObkGPmjTW6ZUsFgPAJ%2BK8VMCDztD8%2BZyKgXb0FvBdu8FaOk8vaJZ6Ge91GkW3VR4pza8ebIOIXPrPsGGS95ek6v2w9jBqMGR4TTsgYaQn4WRl5oGidfnOBrsDevoxyBMDb6SlKCIgBo%2FtMIXiQLWRAxZrVebbOfhe5tlwkIQ0G4V%2BZdTzLNdgGZM82R4z3ea0O2TX7GIDZW3de8vjU8xS53NmXnm38D%2BzyrX3w%2FYOwd%2FHK1BD1aOmXbOum8BvQy5dvCxYOJLa5BknG%2FOqlpVD4P%2Bj2CVvS6QkrpszyaIoCuwrUM2Vi5bq9fxYHuPhKfzQQzhtvf6wXfbxxK7OeUyIC4Q7OcjzYkbaGtqF5wjEf5S5ycDGuwbfEdv1A6kKwvCU62rnacYt3tM3hCLSJ73QiWsbYCpkedBVHiB4acbtpPFv%2BRAlTg4xJ49k1Mr0k75GdJayU%2B11FHaVIxeiMlkbfTCDH6hjHpUsD5UebUe1bityW0vz5Cwy59iz7qFzGIR7r8YAXDY00Y67L7P8tju0cu8JuMbcEIY%2BCyXKmdt%2FlOc42edJbsWQ0htzjFOrGST9BDlWvRvXnVGPM7zWzJQCe0JvdiDAnQhJi5A9P2Ul4%2BFcpIIJq940ArSZqiQr65868Mf1zcRnHzlYwHaoZDe33g0yXNzV93rtwrDtankM&nvMid=89375643603&catId=50004540
"스탠리 스탠리1913 아이스플로우 플립스트로 2.0 텀블러 591ml, 1개","최저44,000원",https://cr.shopping.naver.com/adcr?x=auFMkATDK5Jx0J4E%2BlnQqv%2F%2F%2Fw%3D%3DsrxoUYtMIsRGrDWdPDwHUd28afFeAj5ipvwuHAQ280Bi8VMCDztD8%2BZyKgXb0FvBdaVgtagCKMFVhfY%2FGO0dP8R4pza8ebIOIXPrPsGGS95ek6v2w9jBqMGR4TTsgYaQn4WRl5oGidfnOBrsDevoxyBMDb6SlKCIgBo%2FtMIXiQLWRAxZrVebbOfhe5tlwkIQ0YjB6kgL0f1KBM4ZfoeS87oBsJjzV%2F3vl5Lmd9HbkUGKNDebmcMRLBMtO37zpeL1gcc%2Fq21eEkyxuDc%2BR7kVfFI3oG%2BfAM%2FTnJrq22unxERAnqFRnJuJu7ZmO8hju%2FZDmZbeRg5RsdSmXDW%2B407Obq99%2BKy%2Fm0d%2BgYWHtEf61Jo4AUk0tbEb%2BPaAR8Zvsauh4YHP8x7zpOFVaE8UVeUQcW8ZBq9sbFQ%2FHI%2BtcYoIy%2Be7KRyvq%2BfDUs63OSxYfmA1Xo4kIJXxMrHLDoLCSoqZfXLARakAepryL438LA6M46wRDk2nHMP4aHVCx%2FcONoE3uvCgCAzUAzd45xM3xdvUP%2FUddU8c8SSH0Zl3MSEwvsjuaduwyRtrZC7T93Am5hAmF1mrbeggm2tR%2FnbeK3VJpL%2F7otS8SreNktrSaaqrXwXoIBRbPYlunm64uskYWc6xPspcX2Zpt%2Frq5zgy5TghxUY6%2F74bs%2FzNmznhIO5N5zjWpUMqjBHnbrU%2FZRnufm47B1rSOiVc3LaDLlE5r5P%2BGvctVYavx%2B%2B8fWZa9SBc8rqM%3D&nvMid=55253485059&catId=50004540
"킨토 데이 오프 텀블러 500ml, 1개","최저28,300원",https://cr.shopping.naver.com/adcr?x=vVaqjCN9f%2FpjxdNEGYMrvP%2F%2F%2Fw%3D%3DsYM88kcc03YQkupwM7pQFIt4f8TImXR9LqbJj8947g0ZcK0xpIQSPYbS6ojFuM7h3PjuZQY9bk3YHY54Ky9sG59of6jW5jHdz%2FbROY2pgmykluxxfm60J9z8rnZUjvqTWtp%2BZSsLRY%2BUBkmjYTCvG3EnRvVCt1S4Hq1oYuGK%2FtQLHhMh3116X%2FsxPCfC3g9l%2FSWzUz3G5xfGQ8%2B3tBOZJEWvqR2unsG9Pw6XBns%2FftjL0kgwnW6mv3VzLXKq9F1Z323UMakILeq4ybCnYURyBHemWbsCi%2BOIv8jFrt7fHnsomUBuIpyMLtatflBL8oQoqUhnqiT8l6O9KpXN%2FWYk9NVVd6Z%2BmZ5fvTALbBBPmfKLmnGLANk9TjQtjOEdf9xG%2FIQtVbuLNBSStKOIC3ZeuirNoujdiiNe5Aky91pn4j%2FIuW9ldAb4ZMKzW4dJt1NcX8mVWxUV5wxWHQzrqON%2F5IbHJM06m8XkkoABSxxLFFel90VsGiG%2F4Nhgwubn6GLsoCM0gTVW%2F3MwrYTknyDCGl4v9JUxUJhxjlFEtn8Z7ZTn9NZQnPGF7x7BZZvjL6YVRWwgCHjAA%2B2CWp565eU1mHr%2FKeR5e%2B6g2BzpVQSwLrQgSzxwVRNV%2FYRemZK5z1sCEhJldMndgcfGyIFC23aKtUnddvPwsKE73EhUYBQ0Hl1toaKZHilHbuauHUigNM5KA&nvMid=53509499649&catId=50004540
"AM 칵테일 텀블러 440ml, 1개","최저24,000원",https://cr.shopping.naver.com/adcr?x=u7VPglmp%2BnUB8hh9A2z88%2F%2F%2F%2Fw%3D%3DswNriNmEQwYqo9yAzU%2BYLQJ8aM7CmRlr1Oo9tKyZs2Kw4tlSY72euE7cIpI3XtZelznPh0aZvnlaPxmQBEcHuDkbAoeRkvpJaJBMwPydFbM8QhkkHXK4%2FmSRy5icYE%2F27J%2FseE6W59vMpqqtppuHaSk6zraYz0jEKjxaRCpq%2BMUg9y3ou1LTKIX7XAR%2FQ%2Fc1cZ51b4zIIhzI2xYZuL9f9QD9rXyqENDUD8omnd%2BAEOivHcjYABnGcTJ2R%2FU4n6kAcsC2FE4aD2oeTVCUcVer%2FxAg%2BKQXr32TzQlekDFdleNARRhVM3ce5k7OZ949FDwCu6Q1gpLEpc7GQIoRvrBrKXcv%2BjB2erv%2BZ%2Brrs5VHOiTRLlIk0uAh1LVcUK1nkYRMYnMuiM4lC92r67BVZWTdXi3V7rj7GrYGFPYndo03%2FAH0HmaHZZFeDJVpfna1ohxpyeNLzgN5LqEtXbv4XG737mi6UxJeah0Om0lkIOZtT9ZLSjlxkqWNmmDLBGfqZcG1NBdkrxZxPgefAvUVb4194ipRYbUQ17DS8c525PK6jvrgSJ0%2BkNTGRdW00icVjGfSevgtYiB2lRG2ifzcvxbN9Y2IetBh1UHqwgU3bBTmtFIWOv%2B%2BG7P8zZs54SDuTec41Q%2Fd%2FW6v4ajtLPCzz6anNkUKZFWZ6Z4Lp9pLitPMpRnloaKZHilHbuauHUigNM5KA&nvMid=55814208440&catId=50004540
"레고트 루프 텀블러 멀티 600ml, 1개","최저35,150원",https://cr.shopping.naver.com/adcr?x=eNcdTPhjlvf%2BtJQSJcNewf%2F%2F%2Fw%3D%3DsxJPwCwJSXmNM9TRxebPbY6jNThG%2FuKyUbTPwE5KYflk4tlSY72euE7cIpI3XtZel2hYgeqCZnAWhFS%2B0yRFLq0bAoeRkvpJaJBMwPydFbM8QhkkHXK4%2FmSRy5icYE%2F27J%2FseE6W59vMpqqtppuHaSk6zraYz0jEKjxaRCpq%2BMUg9y3ou1LTKIX7XAR%2FQ%2Fc1cZ51b4zIIhzI2xYZuL9f9QD9rXyqENDUD8omnd%2BAEOisgE7xuD6g%2F%2FIJdBo%2FI1NnWy0f1uqFCKnIQtnKaL8lPggg%2BKQXr32TzQlekDFdleNARRhVM3ce5k7OZ949FDwCu6Q1gpLEpc7GQIoRvrBrKXcv%2BjB2erv%2BZ%2Brrs5VHOiTRLlIk0uAh1LVcUK1nkYRMY4oOq0qDr2vYrpyvZL%2FnaxDGLU6s9nfQJSwdauULeBewHmaHZZFeDJVpfna1ohxpyCc5a9RDcNrEONekcEUkLFS6UxJeah0Om0lkIOZtT9ZLKumbJMgV2wk9H%2B%2B%2FklmwwtJ3u7PvHB8B1YYt33T3%2BkQoYhXzpBauSDAJ4Pmk5PQb8dHVOasaL34Ed4e%2FArYrhDq9chzL1k5jYipELRYI8JdlTKyhlPhkJOmIMWXJkZoKIDf9TYDOC4LzgCehLsur53o7d2sR%2Fuv%2BS39Ox3f2UfApY2FTBT2ns9mArzs5IbOFXc50eBITwugSNPH3Ok09sVpGw61BSdoQRvEGgfFlc5w%3D%3D&nvMid=54469417733&catId=50004540
"CJ오쇼핑 오덴세 레고트 루프 텀블러 600ml, 1개","최저26,490원",https://cr.shopping.naver.com/adcr?x=HKMimqdJqCirdPNCiSNCG%2F%2F%2F%2Fw%3D%3DsWtJ2NjUrh85B%2BuRJstYtKmTMdBbUuwG49%2BiIDPd%2Bjb28VMCDztD8%2BZyKgXb0FvBd8RlstZ7mJhflpaxesSq6bh4pza8ebIOIXPrPsGGS95ek6v2w9jBqMGR4TTsgYaQn4WRl5oGidfnOBrsDevoxyBMDb6SlKCIgBo%2FtMIXiQLWRAxZrVebbOfhe5tlwkIQ0YjB6kgL0f1KBM4ZfoeS87oBsJjzV%2F3vl5Lmd9HbkUGJsuK84sZGTI0wh1AXImbnHwYUtx9FEKaUk%2BlBo6GH2yY3oG%2BfAM%2FTnJrq22unxERAnqFRnJuJu7ZmO8hju%2FZDmZbeRg5RsdSmXDW%2B407Obq99%2BKy%2Fm0d%2BgYWHtEf61Jo4AUk0tbEb%2BPaAR8Zvsauh464gGqAJvLQAd0n8C7XQnB6QqqeaItFhYqkwxcBwXATjKRyvq%2BfDUs63OSxYfmA1XY4bKL6%2BlaFWDFYX8%2FlPVUyG2%2BGhp3JTrju89iefuoE6tMSU1nKLZxiRavi16Qih8c7R5iYmKIpZD9okqafftyextlVdmwI3G0%2B8ECTxcC6BVunNNdyXMoZQcGAMSZJumW%2Ft7mIPBDVwjoAkZXzRK6hr1Hxdnmc7qqaASDzz7ndTC0hiHfmfzmAI0X1cC502K7zocEt%2FJHKDTg3CvY%2FxNobrTqcV1T6EK55aGS1igiD0hzx0p10M1hky%2BUJjCTuhFQdAiJdwXirBRdnaxfvrBbw%3D%3D&nvMid=52650255336&catId=50004540
"오덴세 KBO 투웨이 루프 텀블러 750ml, 1개","최저49,000원",https://cr.shopping.naver.com/adcr?x=E9%2B5OV8fcoRdQY8mFJZXX%2F%2F%2F%2Fw%3D%3Dsy1cJoTQ5IX8eR7%2FWd5qaK0WwAWhxs5Ij%2BwD6O3pMpd44tlSY72euE7cIpI3XtZelBUMbKv6IfI01YNwFeYETOUbAoeRkvpJaJBMwPydFbM8QhkkHXK4%2FmSRy5icYE%2F27J%2FseE6W59vMpqqtppuHaSk6zraYz0jEKjxaRCpq%2BMUg9y3ou1LTKIX7XAR%2FQ%2Fc1cZ51b4zIIhzI2xYZuL9f9QD9rXyqENDUD8omnd%2BAEOivHcjYABnGcTJ2R%2FU4n6kAciOKeTVbBVXnzXww1bNvKKwg%2BKQXr32TzQlekDFdleNARRhVM3ce5k7OZ949FDwCu6Q1gpLEpc7GQIoRvrBrKXcv%2BjB2erv%2BZ%2Brrs5VHOiTRLlIk0uAh1LVcUK1nkYRMYLAn8h7D0UPq75KKCbbypp5CUqhNbugFHlLh7n8V5E%2BIHmaHZZFeDJVpfna1ohxpyIFQwOACEYriGLLvn2R9xPC6UxJeah0Om0lkIOZtT9ZLLJVXSOHv0MUinzrM9y7GWQFwl0j4NNi4GNY4DK2vRR5%2FyVxnvGV42uovKVD35W%2BSlp%2BLjwaPSZs0qqviXyCk8qkf4pEUt%2B2VwCkgwUBVQTQyigi7ZMXiHcynhUV42saCUy967mlSa3mZfqZTLi6DqjXh5XLjrT8%2FyXF1Uhdiu46K2fnXKgEh7txU%2B76w%2FQGuZcfJirIUxmQa3C56L4eJtHRyPBWbUFRhWScTsgQynPg%3D%3D&nvMid=55814098405&catId=50004540
"스타벅스 SS 블랙 탱크 텀블러 503ml, 블랙","최저30,950원",https://cr.shopping.naver.com/adcr?x=5LQKaWPjDx%2FsMUqoEVncRP%2F%2F%2Fw%3D%3DsmD2aKfLTQRKVoE4WkQ%2BTtx9d2VYZQR6D3B4%2BCGYpCDg4tlSY72euE7cIpI3XtZel%2Fp%2BM6u84hF0MemvxNFg8xUbAoeRkvpJaJBMwPydFbM8QhkkHXK4%2FmSRy5icYE%2F27J%2FseE6W59vMpqqtppuHaSk6zraYz0jEKjxaRCpq%2BMUg9y3ou1LTKIX7XAR%2FQ%2Fc1cZ51b4zIIhzI2xYZuL9f9QD9rXyqENDUD8omnd%2BAEOivyuQz9KKFcbQPHkcv0MtLcZMB9Gcrxgzz9p2OsLD3m3Qg%2BKQXr32TzQlekDFdleNARRhVM3ce5k7OZ949FDwCu6Q1gpLEpc7GQIoRvrBrKXcv%2BjB2erv%2BZ%2Brrs5VHOiTRLlIk0uAh1LVcUK1nkYRMYJltulMU1pgrf%2FohDnazwv%2FP5bVHptupGdQJ9Bcu5HskHmaHZZFeDJVpfna1ohxpy9%2FuQGWbGmUyxjJEygiVVty6UxJeah0Om0lkIOZtT9ZIMXP4AEo00CrGCIukwg%2F%2BRqVTlU2PG33IBcQNhRbd75JgoR0B78U0wHTRsgmJEbdSzS3dAVIOTi2ZGPxQXUAr%2FJyy1sioYtkDZLIWBGMxoLtnFjJ%2BEi06bfypqnwA373UBhNg6pO%2F%2Bw6bSRwW%2FduOkDBkLICCXAtGOz5qo4R67jVlMpKleItw0LWX8O4d%2FCvBvU2Y6hEEwGxc1AZfON9sL4VRAH%2BsMDObarUodGweR8Q%3D%3D&nvMid=52650095175&catId=50004540
스탠리 머그 컵 잔 텀블러 보온 진공 캠핑 머그컵 클래식,"37,400원",https://cr.shopping.naver.com/adcr?x=OqSzC2Q9epZkZnDAsIwkGf%2F%2F%2Fw%3D%3DsBFz6W%2BLuIjWxmjgHVrnV%2FYqj%2B08RB%2Fe7lPp6ik%2FkRm44tlSY72euE7cIpI3XtZeltsUk6%2Bi4UMnFGjtUeN9jCkbAoeRkvpJaJBMwPydFbM8QhkkHXK4%2FmSRy5icYE%2F27J%2FseE6W59vMpqqtppuHaSk6zraYz0jEKjxaRCpq%2BMUg9y3ou1LTKIX7XAR%2FQ%2Fc1cMBbAUTLhEczrfo6o%2BFCYJ9koDZhZTyE2PqJzLGA4wO5DTZ0VurPkDzRgNruCVu1DfQgSbWuxdhy1Zflhn6tzu1IZ6ok%2FJejvSqVzf1mJPTVVXemfpmeX70wC2wQT5nyi5pxiwDZPU40LYzhHX%2FcRv6XcBVJfc1B3YR6ARpFT72%2BoQ2Mu6ALKA0p09kFzZ7M5B5mh2WRXgyVaX52taIcacoV13yAXhIyMt1ikPyQPYWHN81WjUpxJVJrN5mDsz4BpWpVRatGw2RybYlE1oRzr%2BNcWHUz9Bh8fidFDfy2m1rfyh44XeWOIBI4%2BnKL9SCXiP2bpMHOu%2BYQV0Hc2ls6pKOoCVUSBQihVuIUerk1CoLCdWgVsUE5GGf17Z4Bm6J5BIF2DZAoh59rMNH25r0LrRWtY0vFGtYcImi51jMcKK8ZK0XK%2Bv%2F55ASDndpINlyiUepkW3Fyqk0sQDIZn%2Bxioip2gLwfcqDXLsXO081kJ6c5oaKZHilHbuauHUigNM5KA&nvMid=83684652509&catId=50004540
스탠리 퀜처 H2.0 플로우스테이트 텀블러 887ml,"49,000원",https://cr.shopping.naver.com/adcr?x=l2c%2B%2FG7e9oMMhwqsEvshJ%2F%2F%2F%2Fw%3D%3DsvtYVkUXdxSg4Jl9PlI5S87iO%2BdsnFp9Fw6HVF5EDVMg4tlSY72euE7cIpI3XtZelwXkuLcZbNTGFkiWOWoaocEbAoeRkvpJaJBMwPydFbM8QhkkHXK4%2FmSRy5icYE%2F27J%2FseE6W59vMpqqtppuHaSk6zraYz0jEKjxaRCpq%2BMUg9y3ou1LTKIX7XAR%2FQ%2Fc1cMBbAUTLhEczrfo6o%2BFCYJ9koDZhZTyE2PqJzLGA4wO59HloNRfFx7XTy7XBAM8axsI%2FoCxeGO%2BncQPjyUSVB9z%2FG%2F%2FKvHTDPfPpd5mpWFu%2FDpmNu2Rs3tEPrV0ZTODsbWqyaFa2xLbpwGCJChqMDqhX0Lyjgj36xIujSHKphH3vK1yKDUQx0JTNAK%2BYmCmvDwd3PFWvCQp1k7oSSDA37LAJDjk0A7PW8SH9HyHdUkM21y3aKR5fwHt63wH0myTY3hu%2BWUcBuHsnEZon01A59NGGTAmiBefp5DHWDAzA7Ga1C0xXr36hnPxMG8ocMT8NTlBSRK97WhYB2DaSj7lqzA54%2F5zK7WJgwHEmoPAXzQuVSHVRY9cOA5Vt8Nti6%2BUZAOfuKmiVcN0xTe6VTQx1gj42EbQcqPNzUxPhuM5%2Fr7SeR1VIFKnQH3ZrxA8tMTcyF5PrkFiHVXwEUJXDGuUi%2Fc9arW1os4OqXGMfVvDFM15s%3D&nvMid=87663404926&catId=50004540
"스탠리 카페 투고 트레블 머그 473ml, 크림 글로스","42,000원",https://cr.shopping.naver.com/adcr?x=d61XoXnP1j48GkdDsPwrgv%2F%2F%2Fw%3D%3Ds%2Bm9hezsENf%2FKaLeIF6UEFD61WlqLk56%2BtFqhwkoG7h9cK0xpIQSPYbS6ojFuM7h3lDVmUBENGU2gdK2nrH49Utof6jW5jHdz%2FbROY2pgmykluxxfm60J9z8rnZUjvqTWtp%2BZSsLRY%2BUBkmjYTCvG3EnRvVCt1S4Hq1oYuGK%2FtQLHhMh3116X%2FsxPCfC3g9l%2FBju2H9vlf%2B7%2FVgVUBSeHForiPkxPAXjk2LX8wmqtKDTVJsVI4gZkDkWZhwLdS9yZCfG8rmLEZKgKrRwNEz8lp3pqwopgdgzsRqIFrJ%2F%2Fq36AbCY81f975eS5nfR25FBiP83WAv8GAIoQ0MwLPWeb%2Fd49wGWbNLRwo1s45VpcV107892gaBszhvdygGs6SobLuZ0aiBY1mCe8HeI9yTWvg37W2f5PjpFibWtLiNiviWOMHn7BDBNaqXNmoKbAeTMvwNcWTwlgcJqwrrgUEZYf3ckIssnZiZhVxb9gxVczVzdSquJQe8KOlcxORqA%2F8eY47%2Bs%2FvAssCZ8cnIXrYFF9UoeUsK3xZ9uNkqE%2BFgMcc4OFaxEVAlGWz94MEWVEWSSL02MQg1%2BVj2cB0FZSYGr8E%2BRUfKEuYoicc3ztpbGHoA07kt9bsrVCqgSA%2FGJYLIFvP50vU6AOtsklaZSPiQW4R1aRsOtQUnaEEbxBoHxZXOc%3D&nvMid=89384364571&catId=50004540
"스탠리 스탠리1913 카페투고 트래블 머그 텀블러 354ml, 로즈쿼츠","최저35,000원",https://cr.shopping.naver.com/adcr?x=mN5EvoMjS%2FMgikcMKMVnnf%2F%2F%2Fw%3D%3Ds8UTlYYvXnoLi3iTEL4pB3l08oGS2EXirKy6%2FY3D0DfJcK0xpIQSPYbS6ojFuM7h3PexY1R2rVDhDTylL55sozNof6jW5jHdz%2FbROY2pgmykluxxfm60J9z8rnZUjvqTWtp%2BZSsLRY%2BUBkmjYTCvG3EnRvVCt1S4Hq1oYuGK%2FtQLHhMh3116X%2FsxPCfC3g9l%2FSWzUz3G5xfGQ8%2B3tBOZJEWvqR2unsG9Pw6XBns%2FftjKNvr0Sm08QEgxGYVQAkslWQzV%2F%2BgQQaRLPGLzGB91QT%2BmWbsCi%2BOIv8jFrt7fHnsomUBuIpyMLtatflBL8oQoqUhnqiT8l6O9KpXN%2FWYk9NVVd6Z%2BmZ5fvTALbBBPmfKLmnGLANk9TjQtjOEdf9xG%2F875CW83yHpXkHMPvAdXHZbNoujdiiNe5Aky91pn4j%2FIuW9ldAb4ZMKzW4dJt1NcXcuI6JOYqGiQlbiHI83S377HJM06m8XkkoABSxxLFFelkMijd6hmbuYwQBtMjNxBXYd%2FVTF8Nm0wztlUcH8ql8ydh%2BdFKw6NVrAEneFsbs1iEGCubJtjEab6Gs%2Ffk4Phj6g7D7ZM%2BSPj7RKVOVty76vO6gdOqTtKR7XbCbqAytOnLv%2B8T03MJYMxNBtMOMxO8Es8cFUTVf2EXpmSuc9bAhFkPqAaf7M7iUkRUF9IQrQpkQkPqErmGoweyw%2F9nGcJ3zY6of2Xpggjm6A4Z8HgJhg%3D%3D&nvMid=56457905648&catId=50004540
락앤락 메트로 카페 세라믹 텀블러 500ml,"28,700원",https://cr.shopping.naver.com/adcr?x=Tmx%2F6%2FOJGa8tGvviy2Szvv%2F%2F%2Fw%3D%3DskPmzBl4SxeP7SVPEzunEyWa54Xi2OZrQcnXpvpF6YGs4tlSY72euE7cIpI3XtZelmuqm8wZBU9clKbSZwKHtJkbAoeRkvpJaJBMwPydFbM8QhkkHXK4%2FmSRy5icYE%2F27J%2FseE6W59vMpqqtppuHaSk6zraYz0jEKjxaRCpq%2BMUg9y3ou1LTKIX7XAR%2FQ%2Fc1cMBbAUTLhEczrfo6o%2BFCYJ9koDZhZTyE2PqJzLGA4wO7MUzw5MLqeQhPX04DFi6bJCiRe3alKEMHusH1x6DWrVT%2FG%2F%2FKvHTDPfPpd5mpWFu%2FDpmNu2Rs3tEPrV0ZTODsbWqyaFa2xLbpwGCJChqMDqiVlivFvjkjoM3X%2F7ctA7jnm89vuBLLYRBw8D5xl74NpB5mh2WRXgyVaX52taIcacuB%2B92%2BNxeczb2F3UVItElfN81WjUpxJVJrN5mDsz4BpkqnI%2BfNVVipPNe5BUOPoTfzU65l3v104F6ANBZA1IRfdoUWwWWSWXRflfTHF04fimYJiBwEuWXcxMAWFk4pH5bj18T6r9hWoH6d6cwyvb04WX7O6B9pAetvWsI60U37c25jL%2F86Zbimp%2BXv1jJxLaMDtfuxO48HFPYzJlfosuw4Ay2qgVaFxo8f8SrC35dWdIc8dKddDNYZMvlCYwk7oRUsdibW%2B0dyhCPNs0GQiaZw%3D&nvMid=87906442655&catId=50004540
"레고트 루프 텀블러 멀티 1L, 1개","최저39,900원",https://cr.shopping.naver.com/adcr?x=RKA7BYhchd8UxjJDRwQOlP%2F%2F%2Fw%3D%3DseQfQR3Bfcbi%2BnkMI5kDwgWhNq%2BO%2BHcPlbksBQJ0lf604tlSY72euE7cIpI3XtZel%2BU5U1bGwRtSCgugHxWYxjEbAoeRkvpJaJBMwPydFbM8QhkkHXK4%2FmSRy5icYE%2F27J%2FseE6W59vMpqqtppuHaSk6zraYz0jEKjxaRCpq%2BMUg9y3ou1LTKIX7XAR%2FQ%2Fc1cZ51b4zIIhzI2xYZuL9f9QD9rXyqENDUD8omnd%2BAEOitIoa2TX%2FAPG92GdqcXkzh3Ek0agz70W4j35OnQo4uD9Qg%2BKQXr32TzQlekDFdleNARRhVM3ce5k7OZ949FDwCu6Q1gpLEpc7GQIoRvrBrKXcv%2BjB2erv%2BZ%2Brrs5VHOiTRLlIk0uAh1LVcUK1nkYRMY35snsGtIhtXJ9MwEVkTbM5CUqhNbugFHlLh7n8V5E%2BIHmaHZZFeDJVpfna1ohxpy3C6ay%2BtpZHr702Upc7IoJy6UxJeah0Om0lkIOZtT9ZLKumbJMgV2wk9H%2B%2B%2FklmwwtJ3u7PvHB8B1YYt33T3%2BkT71uh2lmqhCQXlccO5jWmutvBGZnUY%2BZodGLMxKRjOpTk4aDiI1%2FfDSemEe5B7hQSs9jfO5GDuFsDYW5RqO3vQSzxwVRNV%2FYRemZK5z1sCEPDtMJaoAHRPOWQNy%2B2r6SXjTqmzb3AWsfuZbEHaSUanNjqh%2FZemCCOboDhnweAmG&nvMid=54467843715&catId=50004540
"스탠리 스탠리1913 퀜처 프로투어 플립 스트로 텀블러 591ml, 옐로우","최저48,000원",https://cr.shopping.naver.com/adcr?x=jpP8Xj5s4ChHJyvE1sHcP%2F%2F%2F%2Fw%3D%3DskhuM8fekK5itOXRJR4Vaz26QBkTftUgIbKbXYkCGS344tlSY72euE7cIpI3XtZel8mqSFM4L1JlPkRDcvbvP7UbAoeRkvpJaJBMwPydFbM8QhkkHXK4%2FmSRy5icYE%2F27J%2FseE6W59vMpqqtppuHaSk6zraYz0jEKjxaRCpq%2BMUg9y3ou1LTKIX7XAR%2FQ%2Fc1cZ51b4zIIhzI2xYZuL9f9QD9rXyqENDUD8omnd%2BAEOivHcjYABnGcTJ2R%2FU4n6kAcevcy7y1C2ug2Q02Or%2FaMhwg%2BKQXr32TzQlekDFdleNARRhVM3ce5k7OZ949FDwCu6Q1gpLEpc7GQIoRvrBrKXcv%2BjB2erv%2BZ%2Brrs5VHOiTRLlIk0uAh1LVcUK1nkYRMY%2FfgkSa%2B2%2BDTqi1PUed9CN5CUqhNbugFHlLh7n8V5E%2BIHmaHZZFeDJVpfna1ohxpy7IaNPe5GTpZ5WyuHaVpgpi6UxJeah0Om0lkIOZtT9ZK7z2OqD1akLmh08ligGEeH4zaot3hBI33o5vqDiE6QBn9dwyf0fQt8tKmFDT%2FmkkK4kQBXpgZi6NXLHX6HZT55%2BQHAOpRJ1sa3BkLDJUx9CXk%2FsJmHAHoNH9Tkdmr66QDVFUfvsgbdA5YBkeo1nobslMveu5pUmt5mX6mUy4ug6rgGv63LATwzPvsYUz75Wo66JsVZAJemoDvrZLWYPLFOBUN1PgAoYGJViMuuMM5LNUHQIiXcF4qwUXZ2sX76wW8%3D&nvMid=55814233563&catId=50004540
스탠리 591 텀블러 퀜처 H2.0 플로우스테이트 차량용 텀블러,"42,900원",https://cr.shopping.naver.com/adcr?x=khASiLIyqf7iDg8su%2BpnQ%2F%2F%2F%2Fw%3D%3DsCZq7QkQaYmx04HnSS8eAg6SVTxAbKRycfSc84MYhw104tlSY72euE7cIpI3XtZelQKqJY9CjFvEAS5ZW%2F2DNi0bAoeRkvpJaJBMwPydFbM8QhkkHXK4%2FmSRy5icYE%2F27J%2FseE6W59vMpqqtppuHaSk6zraYz0jEKjxaRCpq%2BMUg9y3ou1LTKIX7XAR%2FQ%2Fc1cMBbAUTLhEczrfo6o%2BFCYJ9koDZhZTyE2PqJzLGA4wO6FOCznFUpmQZwKj6iOXy963BfC5TWQ0tpzChGA762MHD%2FG%2F%2FKvHTDPfPpd5mpWFu%2FDpmNu2Rs3tEPrV0ZTODsbWqyaFa2xLbpwGCJChqMDqgH4rF%2B%2B%2FIMJTuAoMpQZIAbnryWzLKUad9N%2BOvtl448iS%2FPbaLIf0bfA8ww9slR6175cEoWzet7vMb0SEj8jzXs%2BhVEYoTr1TSuvmq6LxRF2RkYnv69vUSZ4%2FZb9Lpn9ceMVnVrwfsgCjBerWlE14m%2F3Z36TJl8R98ZrnxPjnJgobWDAM8BqqP71zRGjnskZLsI2DRf9Jm2UqVm4%2B%2B5ropUbhvSRZqShrRC6VYxY0L927VQ0527i5l4q%2ByTWFkA1mqOuBZD%2FQkGyMe53inOjnLXQeguy%2FBJSMNtPHZYai2ofQPMvbN6v354JR3MdGLe62RCtJnpEHATbw8%2BA67yy6stXc50eBITwugSNPH3Ok09sVpGw61BSdoQRvEGgfFlc5w%3D%3D&nvMid=87750472093&catId=50004540
"스타벅스 SS 다크그레이 탱크 텀블러 503ml, 1개","최저32,600원",https://cr.shopping.naver.com/adcr?x=A06ljnHOw9TI2PfGzIhf9f%2F%2F%2Fw%3D%3DsfojAqObxYTc6hvNZgPyrMJ%2BlY8aXND6wxjXtQDo9rDS8VMCDztD8%2BZyKgXb0FvBdLwSGJ3KMPxCo9zzOPfZ88B4pza8ebIOIXPrPsGGS95ek6v2w9jBqMGR4TTsgYaQn4WRl5oGidfnOBrsDevoxyBMDb6SlKCIgBo%2FtMIXiQLWRAxZrVebbOfhe5tlwkIQ0YjB6kgL0f1KBM4ZfoeS87oBsJjzV%2F3vl5Lmd9HbkUGJ%2BlDwIDJCzQSEFdTqtvTwUDym45xtChVDay8Z77Gi1oo3oG%2BfAM%2FTnJrq22unxERAnqFRnJuJu7ZmO8hju%2FZDmZbeRg5RsdSmXDW%2B407Obq99%2BKy%2Fm0d%2BgYWHtEf61Jo4AUk0tbEb%2BPaAR8Zvsauh4Ku00tgK%2FPj%2BdvtBuFC2RCNcPiWNCqsTS0eiRaFyKgGrKRyvq%2BfDUs63OSxYfmA1Xcjiju5jAdl5igJLV8yRzHWDP%2FJvyNyCfKEAv8k%2F3%2BhnkQSqdnvU0Z8s%2BBozJ1Px1%2FIQyWgFcQ0W%2F0Wn4j4ujexjARuTsrvcwI71LNo9vvQh3tXVE0Kl79ifCZToeVI%2FPJcjs6kK5NEuzjrg%2FH9ndVmd%2BuBLc28IWz6XAJ6vtSpUpm%2ByB2MsZIt8UHqkryPHuYnHIcETcJifOE8sb44IMxW1eUaDkEIFBFSEolNWgYCxY10MgDGmDrIN0LOonAy9s5Hv1T%2FoDPeAT2ZD%2BWCfnsQ%3D%3D&nvMid=54112739036&catId=50004540
스탠리 텀블러 591ml 손잡이 퀜처 H2.0 플로우스테이트 빨대 텀블러,"49,400원",https://cr.shopping.naver.com/adcr?x=vr3Mf8nb5gu7gHanhC4AtP%2F%2F%2Fw%3D%3DsUDqMzyDB56%2BD2JqU%2F41wCSOyaiKbMXcctSZ4KipnsAtcK0xpIQSPYbS6ojFuM7h3MS6CkqgxSPVMHe7VH11Xodof6jW5jHdz%2FbROY2pgmykluxxfm60J9z8rnZUjvqTWtp%2BZSsLRY%2BUBkmjYTCvG3EnRvVCt1S4Hq1oYuGK%2FtQLHhMh3116X%2FsxPCfC3g9l%2FBju2H9vlf%2B7%2FVgVUBSeHForiPkxPAXjk2LX8wmqtKDSU8yn8guqcB%2FVnmNUM4knrMUGHuZxPaLOk58OO48JgSnpqwopgdgzsRqIFrJ%2F%2Fq36AbCY81f975eS5nfR25FBiP83WAv8GAIoQ0MwLPWeb%2FWak3ibTB6tYlIp2CBkx1exWdtAftvVkG7G1n5MRPJSGlM2Waiji4X7jOp07uJ4Hb2kSQDO8aNgL7kB44oVwqPUUIkt5M0yIil13vZMydQVHaCSPPTgrTrML%2BC%2BtFKkxWKlJaXxnXhzhP%2F1%2FW9Kf9snIdkZAcgFBtLCJH6VHrQdrDbG34lvMQm746cZ4bXGF9lq8dKPpLfWbb0JFmTjWB0UBvg5tPLs9z%2FArukFxE65S%2FTnriJCm4ULJN%2BI3HEkR%2BsN8%2BoxxsPtqO7N0e72e9DexSjD%2FWmV5mt%2BMJc03I6pwgHEgz81te%2Fj75TZvqSY4vOjT2JDJfrxqIWjH0MkQQlFL5oDhPU1HdnwpdqCIynaRQdAiJdwXirBRdnaxfvrBbw%3D%3D&nvMid=89269830147&catId=50004540
스탠리 아이스플로우 591 플립 스트로 텀블러 손잡이텀블러,"48,000원",https://cr.shopping.naver.com/adcr?x=5cscpuF%2F0E0bSRsM7QHA8f%2F%2F%2Fw%3D%3DswXHK98qcTlM59LmTpdSnn9FWM6BfmewOt1yHNLxeMFhcK0xpIQSPYbS6ojFuM7h38CUI39Fszr5p%2FIqSQ6%2B0Ldof6jW5jHdz%2FbROY2pgmykluxxfm60J9z8rnZUjvqTWtp%2BZSsLRY%2BUBkmjYTCvG3EnRvVCt1S4Hq1oYuGK%2FtQLHhMh3116X%2FsxPCfC3g9l%2FBju2H9vlf%2B7%2FVgVUBSeHForiPkxPAXjk2LX8wmqtKDSL4NiSAuPXkFamzTmaNUFu7fRYB4ZHSRt3GFsQiiar33pqwopgdgzsRqIFrJ%2F%2Fq36AbCY81f975eS5nfR25FBiP83WAv8GAIoQ0MwLPWeb%2FZMHmsk%2FWEaqIWc9zUAZbSZWdtAftvVkG7G1n5MRPJSGlM2Waiji4X7jOp07uJ4Hb1Mhnxq%2F6NjQAUofuqz2HQcUIkt5M0yIil13vZMydQVHoN5dTmhv7TyFmObqdHlkSpR1XjOSF3N3wbsig6WeDpaEE7loga%2BoVlcEffCzTHQC00NqXUmXL5RQP1rRQLPesedV9wdmMKTj0U32LMqO49ltSpSAf1cNgyh8yOFPwNtgqmie1vI9xIIo2L0rkizxzNOf4i9zFrBXE2548%2F2S162VPgdWu%2F%2ByTqugJCrj4JFzEAYNb6zWhwP%2BM2kRKJ2AWOGDY8hlWbsKSay%2FLFVps0THICEQpPL7Rm%2B2fyhjEhHR&nvMid=87740169826&catId=50004540
"스탠리 스탠리1913 아이스플로우 플립스트로 2.0 텀블러 887ml, 1개","최저49,000원",https://cr.shopping.naver.com/adcr?x=RklbC3jfdf5%2BvJ2degsR0P%2F%2F%2Fw%3D%3DsuZExPNU%2B146MlxqQkzpCTblC6qpGWEU%2BjoZGNNP08KO8VMCDztD8%2BZyKgXb0FvBdlkj1DKlffYOewaBNsRU1ix4pza8ebIOIXPrPsGGS95ek6v2w9jBqMGR4TTsgYaQn4WRl5oGidfnOBrsDevoxyBMDb6SlKCIgBo%2FtMIXiQLWRAxZrVebbOfhe5tlwkIQ0YjB6kgL0f1KBM4ZfoeS87oBsJjzV%2F3vl5Lmd9HbkUGIeP3DRmBUHHnFBjo9C1AWm7dpGlzXuWICx%2F2VA2RkpKI3oG%2BfAM%2FTnJrq22unxERAnqFRnJuJu7ZmO8hju%2FZDmZbeRg5RsdSmXDW%2B407Obq99%2BKy%2Fm0d%2BgYWHtEf61Jo4AUk0tbEb%2BPaAR8Zvsauh4oY34qpRHgw%2BsJDVAJRQorg4UTHATh5d20tUfiSSjfnfKRyvq%2BfDUs63OSxYfmA1XwxiTDk01xBjcKKBxgJLJs9UjIp4sHFpNOZoNVfjcPdJDk2nHMP4aHVCx%2FcONoE3uvCgCAzUAzd45xM3xdvUP%2FUddU8c8SSH0Zl3MSEwvsjsI29Izq66HI%2BmPGqiA2G8ZQJdDukZ7Ef9v0riHdqqAof7otS8SreNktrSaaqrXwXpSO5jHYHgpTmilKFP%2FWzVw3eBkgsGsfB1o3%2BWamNPS7I6%2F74bs%2FzNmznhIO5N5zjWttAvB%2BytRO6CE%2F3Rb3qOvNk8rkco%2Fln8uJWxQvVkFaWhopkeKUdu5q4dSKA0zkoA%3D&nvMid=55814233454&catId=50004540
"스탠리 스탠리1913 퀜처 프로투어 플립 스트로 텀블러 887ml, 로즈쿼츠","최저53,000원",https://cr.shopping.naver.com/adcr?x=NLOYMWOieBZsI6Ln88ZXCP%2F%2F%2Fw%3D%3Ds4YQN0Z2AQ1grOwciv2xzwOP%2Fd%2FV1ZWQaff%2BwhlxPcbE4tlSY72euE7cIpI3XtZelSWPLGW2ukEEORvycpGtMukbAoeRkvpJaJBMwPydFbM8QhkkHXK4%2FmSRy5icYE%2F27J%2FseE6W59vMpqqtppuHaSk6zraYz0jEKjxaRCpq%2BMUg9y3ou1LTKIX7XAR%2FQ%2Fc1cZ51b4zIIhzI2xYZuL9f9QD9rXyqENDUD8omnd%2BAEOisXfQxWbBoCUh5OMqNqv%2Fgya958WPm12Yow7uezczG6Lgg%2BKQXr32TzQlekDFdleNARRhVM3ce5k7OZ949FDwCu6Q1gpLEpc7GQIoRvrBrKXcv%2BjB2erv%2BZ%2Brrs5VHOiTRLlIk0uAh1LVcUK1nkYRMY39CB1XuJ7J4sxhnYIduUH%2B6T3bDtpWlCEOHcbcnbPa4HmaHZZFeDJVpfna1ohxpypPo6ehIJlS5tnVipP8V6HC6UxJeah0Om0lkIOZtT9ZK7z2OqD1akLmh08ligGEeH4zaot3hBI33o5vqDiE6QBn9dwyf0fQt8tKmFDT%2FmkkJz5u608txADafmdC8Oy%2Fnu%2BQHAOpRJ1sa3BkLDJUx9CXk%2FsJmHAHoNH9Tkdmr66QB%2BtD9IGCY8j0mfBZGF8pH9lMveu5pUmt5mX6mUy4ug6hDYSIETzGDRXE0qjx4BPUydxJIPKk0lOiREpSWgnqwiqHIn5QxVqXE8ibGx1SPzWh0cjwVm1BUYVknE7IEMpz4%3D&nvMid=55298512889&catId=50004540
오왈라 프리십 인셀레이티드 710ml,"최저40,110원",https://cr.shopping.naver.com/adcr?x=MMyEQLaLDbt9gLxogBpwav%2F%2F%2Fw%3D%3DsyBTmZia59II%2Fq514nrmWbZBPOJX%2FCc3MgSVADZykpLQ4tlSY72euE7cIpI3XtZelYwJYiha2%2FlaSBPDuSTvTbEbAoeRkvpJaJBMwPydFbM8QhkkHXK4%2FmSRy5icYE%2F27J%2FseE6W59vMpqqtppuHaSk6zraYz0jEKjxaRCpq%2BMUg9y3ou1LTKIX7XAR%2FQ%2Fc1cZ51b4zIIhzI2xYZuL9f9QD9rXyqENDUD8omnd%2BAEOisNaRWB2XIWg4%2BRBhm%2B8nmiIFeRwoUH4ziYqth4VluF5wg%2BKQXr32TzQlekDFdleNARRhVM3ce5k7OZ949FDwCu6Q1gpLEpc7GQIoRvrBrKXcv%2BjB2erv%2BZ%2Brrs5VHOiTRLlIk0uAh1LVcUK1nkYRMYzqBDsTuCt5pzpOyD9CF2c3V7rj7GrYGFPYndo03%2FAH0HmaHZZFeDJVpfna1ohxpypbZo9WkjvCRx5P2oDIl4dS6UxJeah0Om0lkIOZtT9ZICTCjpf7d0qkXVoLkUcnHO%2FUNz%2Fu2sBSbR%2FdruSBwuIP4Ar5yJSkMALyOx34ofiXIvvvVp3GQrRtIUt5oKSjp1fhj1n%2FDPI24DdX4E9F3k9QlfoEyemfsq8J%2Fj2zulhnL6C0XXk8ySaOQ0OaLzzIxFSDc7UmtiXpcVV3Gyg%2Bsr2EXOJksgkGrS6VYTMFNj3eHLVWGr8fvvH1mWvUgXPK6j&nvMid=47931281618&catId=50004540
대용량 텀블러 보온 보냉텀블러 빨대 손잡이 스텐 텀블러 차량용 900ml,"16,900원",https://cr.shopping.naver.com/adcr?x=Gp%2Bel710320sJ0yLMvbgxf%2F%2F%2Fw%3D%3DsKVG%2FcTiO3YSZ9chk01NrauxczLfC7Ebuc3cr9mp1W4JcK0xpIQSPYbS6ojFuM7h3uGkq0xwbxuWxFb9vnY%2FtgNof6jW5jHdz%2FbROY2pgmykluxxfm60J9z8rnZUjvqTWtp%2BZSsLRY%2BUBkmjYTCvG3EnRvVCt1S4Hq1oYuGK%2FtQLHhMh3116X%2FsxPCfC3g9l%2FBju2H9vlf%2B7%2FVgVUBSeHForiPkxPAXjk2LX8wmqtKDTOLUfzHi2RXX4S6Qvc4x%2BRm7AHvUFNxGVlj5SZZu7t6HpqwopgdgzsRqIFrJ%2F%2Fq36AbCY81f975eS5nfR25FBiP83WAv8GAIoQ0MwLPWeb%2FXArlB1PBjeO5V%2BwN0vJHIFVKDF68EOJbfsR93o8s1kQuZ0aiBY1mCe8HeI9yTWvg%2FsSzbBaOejl8xp2DB5BDJWMHn7BDBNaqXNmoKbAeTMv3kewpa7K7He9b5wLBjoov1xc9D40Yr1kyXFvYctSHuIZf0WNEaMRIVqksQcwNxIfySRiv4fJ2bVqkPP4IollzpHEv%2BeCUKgeKK7SvzyNWVhupGRPLPMbA3A63YpbaB9NogG0v%2BdefRtGjV%2Fp78leGj%2Bes%2B2GWjY5y2x95QB8ix4phM4Xkqwer6KAYBzWkB5nUU%2Bi2imiDGK9Z4TklX1QcRDRAdzrZscq%2F0GXu%2BBm56kZVTVN6BhO9CpUv%2FPxhnYGzY6of2Xpggjm6A4Z8HgJhg%3D%3D&nvMid=88070630459&catId=50004540
"스타벅스 SS 시그니처 단테 텀블러 710ml, 1개","최저43,100원",https://cr.shopping.naver.com/adcr?x=CUgw4l4AlOgNsAepbWcJcP%2F%2F%2Fw%3D%3DsROKwSr0ONm9RuQpmPdSYwZoqCK8O0Md3Wo2s6IdXE35cK0xpIQSPYbS6ojFuM7h3tw%2F9NHySErp9LHwgW2%2Fr7Nof6jW5jHdz%2FbROY2pgmykluxxfm60J9z8rnZUjvqTWtp%2BZSsLRY%2BUBkmjYTCvG3EnRvVCt1S4Hq1oYuGK%2FtQLHhMh3116X%2FsxPCfC3g9l%2FSWzUz3G5xfGQ8%2B3tBOZJEWvqR2unsG9Pw6XBns%2FftjIZS6Bkisk%2BMyhO%2FOnbwkVyA3PjjAsXiv1CBcurWLGYr%2BmWbsCi%2BOIv8jFrt7fHnsomUBuIpyMLtatflBL8oQoqUhnqiT8l6O9KpXN%2FWYk9NVVd6Z%2BmZ5fvTALbBBPmfKLmnGLANk9TjQtjOEdf9xG%2Fxo%2FGC1%2BAn4ONpWbZcRKMCLNoujdiiNe5Aky91pn4j%2FIuW9ldAb4ZMKzW4dJt1NcXM%2BS6yxgweeT0OEDNAYISELHJM06m8XkkoABSxxLFFekXVxnZUBCytU923tTx9iJvPnoPan0sHg7s0SbOH38ew50GC2vQD7jHz1ZhAB69j9lV%2BujVe0u4nNbz7otFiF%2Fiqe2d1dyvBm60j2R3xpBv6v7J38huGji5RDh5%2B9oVNGrC0hiHfmfzmAI0X1cC502K1ZGiJwL3WLgJgwoHKNEuqKmR2JKI3sYp8VLBkwbLAFFL5oDhPU1HdnwpdqCIynaRQdAiJdwXirBRdnaxfvrBbw%3D%3D&nvMid=54111985332&catId=50004540
오슬로 미니 텀블러 스텐 작은 텀블러 보온 보냉 oslo 소형 에스프레소 초등학생,"9,900원",https://cr.shopping.naver.com/adcr?x=8svv3LpBK0hzFwocqVB6E%2F%2F%2F%2Fw%3D%3DsRixXb3eaIcxhwUI5b%2Bf4x4OT1Ph5tlOzoEqHF0Az6F44tlSY72euE7cIpI3XtZelfF4TJSB%2BAll6DXWbkwsjZEbAoeRkvpJaJBMwPydFbM8QhkkHXK4%2FmSRy5icYE%2F27J%2FseE6W59vMpqqtppuHaSk6zraYz0jEKjxaRCpq%2BMUg9y3ou1LTKIX7XAR%2FQ%2Fc1cMBbAUTLhEczrfo6o%2BFCYJ9koDZhZTyE2PqJzLGA4wO60NzPU366ZrUaJ2kAVLmoT8Uiz5zzsFWBHL2o%2BQ3gszFIZ6ok%2FJejvSqVzf1mJPTVVXemfpmeX70wC2wQT5nyi5pxiwDZPU40LYzhHX%2FcRv2I7Ap6BkDc44cjg9I5RmOWyZWnnuhrCZFIcMJlQMCoauZ0aiBY1mCe8HeI9yTWvg8meOcbHzThTCfY7QsXEi4OMHn7BDBNaqXNmoKbAeTMvmy6gWctwtxmPSkucNSDJ4wxHkA1a494x1xiE0BR59P99M5BeupT1nZ0RvOGKkfWoximM3c%2Bl1QWHAGK4%2FISodeLI2THwu5EAjz%2BijmDkJMQKRYkcDiJ5ZuGtt%2FZTUT%2F7zdROoEBpgOzsk8Yw82ladO%2BO4MKNXogRqTGbqcj4XVxUq3Vr9Xm26pRFQZRIKtkqkAlOKwPahCEyYd9E%2BlamjuD6IO8SqGrvBJv7j6%2BprcE4tNqfFRCzRp2rIEeiCiufghdD2ocn4vskeMfb6wqqM4KoDr6us%2BRKRCOTdsWr9TI%3D&nvMid=84155280387&catId=50004540
CHAKOLAB 차코랩 BAWANG 바왕 텀블러 1050ml,"49,000원",https://cr.shopping.naver.com/adcr?x=yZr6fMQtJrtgySI8%2F3GYpv%2F%2F%2Fw%3D%3DsdGyZAgIxO1CNaScdTwICn%2F9jdqHiTw93FNabFlXqx1C8VMCDztD8%2BZyKgXb0FvBdLEB02v15GSkZUFYsDVnN%2FB4pza8ebIOIXPrPsGGS95ek6v2w9jBqMGR4TTsgYaQn4WRl5oGidfnOBrsDevoxyBMDb6SlKCIgBo%2FtMIXiQLWRAxZrVebbOfhe5tlwkIQ0G4V%2BZdTzLNdgGZM82R4z3ea0O2TX7GIDZW3de8vjU8xS53NmXnm38D%2BzyrX3w%2FYO1J9%2F9Eq%2FI0IwFaCvPff4By5dvCxYOJLa5BknG%2FOqlpVD4P%2Bj2CVvS6QkrpszyaIoCuwrUM2Vi5bq9fxYHuPhKRZf1NRgVGGxqJm4dl8fZPoZrQxNuaaUXpgHFVsZctyeV36ogsAbT2GMBHUreotiQLtNh1N78CyzXLgOQBYKzZvdLkRu2Ds%2FWnPseHTI%2FF5BQAWX2zmp2vIUKCBGaW6wAlHLyHdexsxaFuOr985cDv51aE60XF1AZrw7N8VIBjAmBVlXWsG5JSsXtUaCouA4PrQp%2FQUeV8k2RHC6rIkbE66fKEIUfJLlAMul2t3KG7skrBr0mWZyQNskAlQQa9x8QYNKIzYxM89oOBj9pUw8c7RaLqRj%2B2thbgGDd%2BozUsVbmXHyYqyFMZkGtwuei%2BHibR0cjwVm1BUYVknE7IEMpz4%3D&nvMid=89375973839&catId=50004540
락앤락 텀블러 손잡이 스텐 텀블러 메트로 머그 475ml 보온 보냉 컵 커피 티 차 핸들,"24,900원",https://cr.shopping.naver.com/adcr?x=NmqX7T7ViINYZY8u08cIC%2F%2F%2F%2Fw%3D%3DsvCWTjx%2BCeRg%2B0z4iExfRnNA4LRBEzvO0Lri9o9hWzXdYnYfAILy69qduPw7hpY%2BcC2uwkZWLCSheBDC16Zpy34ZnlrSZr8PDPdBCvs8uWtdKzInqKADQtYsSu9KSIlX7TLYvpigxqnTZM3cjPGnk6%2BmV4xtU5MPXIqhLNcwlZ02eLo7ueovYAXkNEYUeroesJxfYBSrxU%2BHc8r%2BjyXxpORDfSDBvRkBad9fdnOvVrJHHxTq%2FKVVwtMZ%2BRYn%2FZJZouWmqLwkXzYt429xtmFLGRDMob3FgNUgBHwIovVGJ%2FdSk6v2w9jBqMGR4TTsgYaQnlII%2ByYYqWVu3SSXxcjEJdFhX9H%2B2tDf8wU5KzpTKQcDWwP33bghclllwv%2B5QbxfGn%2BMpGsd6KMgTrrYM%2Fghvr7Bx7kLBat7CtwkqilTCChUcHE28z%2FqExQzDPreg8W98EpMAwKwMYFvoGlB4hxnkK%2BtvDIHVWV12G%2Bg37HPf95%2F4f9bZKZQuVF3uamF72jPCeiV8%2BAj8urOe6pZHgLFOYnY7Az%2FgtUrw%2BHuYgXODfOz2lre71GKkw%2BgUFeLn7gCcS8lJFYWQKsdGCXvjUMkXyrt7ZhwhOglvTCGQj4fF8mzSfwkpqaayzWgwz4u3tfV7kAlOKwPahCEyYd9E%2Blamjrq%2F6lk2mSMDVM%2BEyat7ZZ7HPdvsqSCAz7bgdlb8e4FGprEXbcIJ0w1jF1bc69ZtuoKoDr6us%2BRKRCOTdsWr9TI%3D&nvMid=85669091263&catId=50004540
"아르크 벨루아 텀블러 1L, 화이트","최저13,900원",https://cr.shopping.naver.com/adcr?x=Sv881iJqPo7nonsVZl%2BPtP%2F%2F%2Fw%3D%3DsUBNqwbiZxy3eeDADnFpuGLZYCG0%2BfpTSh31z0ZWL4%2Fa8VMCDztD8%2BZyKgXb0FvBdFmgENbiS5Ci%2FcD2IAbM5Mh4pza8ebIOIXPrPsGGS95ek6v2w9jBqMGR4TTsgYaQn4WRl5oGidfnOBrsDevoxyBMDb6SlKCIgBo%2FtMIXiQLWRAxZrVebbOfhe5tlwkIQ0YjB6kgL0f1KBM4ZfoeS87oBsJjzV%2F3vl5Lmd9HbkUGL3XgTDB6nT3LLFgamnklMo1hNaUnPGkh3l48yP%2FthL5I3oG%2BfAM%2FTnJrq22unxERAnqFRnJuJu7ZmO8hju%2FZDmZbeRg5RsdSmXDW%2B407Obq99%2BKy%2Fm0d%2BgYWHtEf61Jo4AUk0tbEb%2BPaAR8Zvsauh4vOC5H3iRRjrPPV2SrgPba9TuBXBA%2B%2FOvj%2Bm0OvMz7YXKRyvq%2BfDUs63OSxYfmA1XVdoPwXGX6LEd4sG4x%2FAiMeoZv4QCqSvUpwUQoLsIieK5D6WPSOx7FqW7ZSSRwXbpN7JIS6l3Fwqs1B3j5WQbQV1dBkFtsdJ%2FmLiYkS9KLfndMcofNtKdv2%2B%2FLokh3hXu1YJ9WnUV4muS%2BVOeaLrRrHKllfYE7ebvUZn0sJcTrJiOv%2B%2BG7P8zZs54SDuTec411cFII92ld4rd%2BM%2BFQu6CsQpbYi2yFSRTxPhTiKsG7KZoaKZHilHbuauHUigNM5KA&nvMid=54542192441&catId=50004540
"스탠리 액티브 쉐이커 텀블러 591ml + 컨테이너 103ml, 초크 화이트","62,000원",https://cr.shopping.naver.com/adcr?x=%2BtK8CoHQttHjFx5Npj4hZ%2F%2F%2F%2Fw%3D%3DsO7xklyJ68U2X9QasOkt7O9mWI9rqNc%2Fd1bshWDFtu0o4tlSY72euE7cIpI3XtZelbGRqkMKjyoM%2Bz1UfuTpFAkbAoeRkvpJaJBMwPydFbM8QhkkHXK4%2FmSRy5icYE%2F27J%2FseE6W59vMpqqtppuHaSk6zraYz0jEKjxaRCpq%2BMUg9y3ou1LTKIX7XAR%2FQ%2Fc1cMBbAUTLhEczrfo6o%2BFCYJ9koDZhZTyE2PqJzLGA4wO6VzWPd2Rw%2B4KCQ%2FSHjz%2FAPAfCW6Y%2BGeFCtAVAq66DDiT%2FG%2F%2FKvHTDPfPpd5mpWFu%2FDpmNu2Rs3tEPrV0ZTODsbWqyaFa2xLbpwGCJChqMDqsnf2ctm%2BajI0uOjSivNmoTK1yKDUQx0JTNAK%2BYmCmvDwd3PFWvCQp1k7oSSDA37LLnPHAVi84Rjjw21JXF3T2NggftzjfEcZOEsU0choaNbtaByVUmJL97qhoR9lfoqiczEXQc53Bq9hhMDHyRwIzsVnuETq%2FJSQAr9Z0wogRms4FbbfT7A0%2BjGgRklFVTEPhA1jJPZ3mIXz6mldP57X3689vECNHFhXdPdiXehGfnobTLvP2EQnZS55rwA%2FgztEFnwLNzAY5YMY58C28CMR9oVkjIqFHi3uCxdAD5g24M64WkLvAy669JDfr63Vdzw3Gvg4ERk3bv9Ven7nl5HUXE1b2Qrm31UtURjsDjIEMx5&nvMid=89378914394&catId=50004540
[호환]금깨비 스탠리 퀜처 빨대마개 스탠리뚜껑 밀폐 스토퍼 세트 텀블러 꾸미기 악세사리,"4,900원",https://cr.shopping.naver.com/adcr?x=L%2FTFks9HBBX3JYsrPrBysv%2F%2F%2Fw%3D%3DseB7v44Vbizory3cj6YrZ8YwMC9%2BRTSxEYWTfZx6MXK84tlSY72euE7cIpI3XtZeluJAKo3Nz9Xq9o7m3morOYUbAoeRkvpJaJBMwPydFbM8QhkkHXK4%2FmSRy5icYE%2F27J%2FseE6W59vMpqqtppuHaSk6zraYz0jEKjxaRCpq%2BMUg9y3ou1LTKIX7XAR%2FQ%2Fc1cMBbAUTLhEczrfo6o%2BFCYJ9koDZhZTyE2PqJzLGA4wO5jZm%2FngX9k7AbWVf1s2QMFhSoV3ZTElPH5I61IZH3jHT%2FG%2F%2FKvHTDPfPpd5mpWFu%2FDpmNu2Rs3tEPrV0ZTODsbWqyaFa2xLbpwGCJChqMDqmCEidxify79xnlylWc8ynfMlxP%2F2Hp27TRqrGttTiXIS%2FPbaLIf0bfA8ww9slR61wuWhcF0rIuu%2BtDHAzzyJdncEUMk%2BYg0ZV3bZSl4pTyyytLXh9raWc5H2pXoz7ZNZ0fNE5I4htwPGjg3WhHbqT2IbG9aHjUd23ourdSQgaHgePLOrMjXGkGtdWkqk88zxrbWO7VlM2V9lik%2BQvuOygcAGvjSThGI%2FNdXl8cpISZQUB64A1tLQhWSLyAP765wpJodWoQeBenmlQ4EFRahAZw9OFvX2rVfHmDlD1RHeKvkvoaJFunSkKYrBC10Ql9PgHR9INs9ZpxiOekV5%2FkbMXHF2Q7AK5qnDQk2cL0V9wMGYHoEe%2FsyiwRS7tUz%2FQQTzL84aTvouQ01zcbpfOfAnn6FbDf4gHI5rSMJU1BWcIOg&nvMid=87817991880&catId=50004540
"스타벅스 SS 스탠리 크림 켄처 텀블러 591ml, 크림","최저26,130원",https://cr.shopping.naver.com/adcr?x=jL5%2FlQpxNO18aZRVfaZRqP%2F%2F%2Fw%3D%3DskBi0TWq1F0IIlkHFMMq22lHxu91V1ouQoquySp8WUF%2B8VMCDztD8%2BZyKgXb0FvBdnVLTBGB%2FeYg5HOIjG83lhR4pza8ebIOIXPrPsGGS95ek6v2w9jBqMGR4TTsgYaQn4WRl5oGidfnOBrsDevoxyBMDb6SlKCIgBo%2FtMIXiQLWRAxZrVebbOfhe5tlwkIQ0YjB6kgL0f1KBM4ZfoeS87oBsJjzV%2F3vl5Lmd9HbkUGJvSZS8fHPgAWiqv0WxnbykBmV9zRXqC%2Brc2tGJaAAxko3oG%2BfAM%2FTnJrq22unxERAnqFRnJuJu7ZmO8hju%2FZDmZbeRg5RsdSmXDW%2B407Obq99%2BKy%2Fm0d%2BgYWHtEf61Jo4AUk0tbEb%2BPaAR8Zvsauh4MBpEQc%2FLvL6%2FS%2FZQicE9Zlt5jBsqg9eU5LygPxRH2krKRyvq%2BfDUs63OSxYfmA1XLZdQ8bXiArutA0bbOW196roMgseuGc2%2FQKYZteT3tDnkQSqdnvU0Z8s%2BBozJ1Px1Xa%2Byuyx8YBWlgVcOAe5l0Z9zFJlyTUY2w0EoYGvkK%2BrplESGI9uD0TIoD3XoYjFqSi1kc7G41cyYoinoTkTYmXr95nuk57VaCcEHYNeg5Hr24cdQ%2FlXyix1VAOI2SyT7iA3%2FU2AzguC84AnoS7Lq%2BYzf1emU82LH33FKF9uf0VWj4A5pJaxZd5p934Hpfq1eV3OdHgSE8LoEjTx9zpNPbFaRsOtQUnaEEbxBoHxZXOc%3D&nvMid=52504573655&catId=50004540
"스타벅스 SS 나수 하우스 텀블러 355ml, 화이트","최저29,500원",https://cr.shopping.naver.com/adcr?x=O%2BnneJWBpTrHegP5khLJ7v%2F%2F%2Fw%3D%3DsbbJK3aLt4%2Bs%2FJ6MEVx1bOgIKFjMUoSTrAx2wd8qrHJO8VMCDztD8%2BZyKgXb0FvBd3dhP1bT4O0bIkcjPhWMWAh4pza8ebIOIXPrPsGGS95ek6v2w9jBqMGR4TTsgYaQn4WRl5oGidfnOBrsDevoxyBMDb6SlKCIgBo%2FtMIXiQLWRAxZrVebbOfhe5tlwkIQ0YjB6kgL0f1KBM4ZfoeS87oBsJjzV%2F3vl5Lmd9HbkUGLnHvzpowe8OtNg%2Fczem9cHA1ABElEzHX%2Fub1nzOmcVRo3oG%2BfAM%2FTnJrq22unxERAnqFRnJuJu7ZmO8hju%2FZDmZbeRg5RsdSmXDW%2B407Obq99%2BKy%2Fm0d%2BgYWHtEf61Jo4AUk0tbEb%2BPaAR8Zvsauh4wDNFusoiio4TNCAHgYqoXwpJplFf%2BimblW1NFfOwFWTKRyvq%2BfDUs63OSxYfmA1XhuUedK%2B%2FYO4J3HcpQRZ6gLoMgseuGc2%2FQKYZteT3tDnkQSqdnvU0Z8s%2BBozJ1Px17HBA%2Ft5gipWl0w5LYgbdkUx52%2Bhc6qzQzg5mKTS3JgDHCsOcx6efWColbQiIOtxezvGcnXOXmce%2FvpHVX7dwNXEVU2eHhHzkNfnyR99YU6AQP0EoYJPG8OO6%2BqJnf0zr%2Fqy4FAfVXrxVJ0%2FiEW4NWFT7diZBC3Mn5jkgEFMGO0NppuOvdlesaTTvpzhuGqeWDhLBwu%2FFQS5xWYf5w6G3jQ%3D%3D&nvMid=52340287655&catId=50004540
락앤락 메트로 카페 세라믹 텀블러 650ML (LHC4359),"31,500원",https://cr.shopping.naver.com/adcr?x=yKfmyyM0L2vA8dO%2BGK%2F7YP%2F%2F%2Fw%3D%3DsYTeMBjGrSIajuJhIbnzaFyb%2Bg4JxOggS2ICS7vqRYHo4tlSY72euE7cIpI3XtZelA2%2Bsr2XsazGf5s4XN08D00bAoeRkvpJaJBMwPydFbM8QhkkHXK4%2FmSRy5icYE%2F27J%2FseE6W59vMpqqtppuHaSk6zraYz0jEKjxaRCpq%2BMUg9y3ou1LTKIX7XAR%2FQ%2Fc1cMBbAUTLhEczrfo6o%2BFCYJ9koDZhZTyE2PqJzLGA4wO7V5omsrdECSt5ksKcZfm85kL9hyg%2FC6k701jiWqL9hZz%2FG%2F%2FKvHTDPfPpd5mpWFu%2FDpmNu2Rs3tEPrV0ZTODsbWqyaFa2xLbpwGCJChqMDqgsjfQ8yf4nsOUfAK4Sl9Vvm89vuBLLYRBw8D5xl74NpB5mh2WRXgyVaX52taIcacuWUNh2F3cUx9bx03inExrLN81WjUpxJVJrN5mDsz4BpkqnI%2BfNVVipPNe5BUOPoTfzU65l3v104F6ANBZA1IRfdoUWwWWSWXRflfTHF04fiI9R1isxuLJSVrSHVHfsk1huG9JFmpKGtELpVjFjQv3Yp9QcpwcSzTd3QRcK6g6QbhWsRFQJRls%2FeDBFlRFkki25bDt4e%2FWQkOYOwzJKFw94U%2BW24uA1NDBxFa7GmNEVlskZPBMsy0xJlqTc2ZATFvj%2BdL1OgDrbJJWmUj4kFuEdWkbDrUFJ2hBG8QaB8WVzn&nvMid=88525972504&catId=50004540
